{"cameraMode":{"drawMode":0,"name":"Shaded","section":"Shading Mode"},"sceneLighting":true,"audioPlay":false,"sceneViewState":{"showFog":true,"showMaterialUpdate":false,"showSkybox":true,"showFlares":true,"showImageEffects":true,"showParticleSystems":true},"in2DMode":false,"pivot":{"x":0.027681827545166017,"y":-0.11462557315826416,"z":0.05641770362854004},"rotation":{"x":-0.09488382190465927,"y":0.893978476524353,"z":-0.22618553042411805,"w":-0.375019907951355},"size":1.792724609375,"orthographic":false}